field_id,scan_id,latitude,longitude,boat_count,mean_confidence,location_name,country,detection_weights,detection_date,enriched_place_name,enrichment_status,prospect_id,needs_review
1,1,41.62083083057262,-70.3945315776765,51,0.8114755667892157,"97 Bridge St, Osterville, MA 02655, USA",United States,auto,2026-06-15T16:53:18.966241+00:00,Harbor Point Marina,exported,1,0
2,1,41.618750236150554,-70.3926958813205,11,0.7859996448863636,"JJ94+GW Barnstable, MA, USA",United States,auto,2026-06-15T16:53:18.966241+00:00,East Bay Yacht Club,exported,2,0
3,1,41.61709682488844,-70.39219370080754,12,0.6739705403645834,"299 Eel River Rd, Osterville, MA 02655, USA",United States,auto,2026-06-15T16:53:18.966241+00:00,East Bay Yacht Club,exported,2,0
4,1,41.61530019096092,-70.3915019509914,5,0.64169921875,"339 Eel River Rd, Osterville, MA 02655, USA",United States,auto,2026-06-15T16:53:18.966241+00:00,Harbor Point Marina,exported,1,0
5,1,44.63420733910298,-67.29530037372051,6,0.497314453125,"JPM3+MV Cutler, ME, USA",United States,auto,2026-06-15T16:53:18.966241+00:00,East Bay Yacht Club,exported,2,0
6,1,44.632452109018914,-67.29436208539359,4,0.46087646484375,"JPJ4+X7 Cutler, ME, USA",United States,auto,2026-06-15T16:53:18.966241+00:00,,skipped,,
7,1,44.63239642908162,-67.29220249794295,4,0.35174560546875,"JPJ5+X4 Cutler, ME, USA",United States,auto,2026-06-15T16:53:18.966241+00:00,,skipped,,
8,1,42.58072724286983,-70.66809975319828,4,0.674072265625,"H8JJ+7Q Gloucester, MA, USA",United States,auto,2026-06-15T16:53:18.966241+00:00,Eastern Point Yacht Club,researched,6,1
9,1,42.57893054093589,-70.66566099976373,4,0.6475830078125,"H8HM+HP Gloucester, MA, USA",United States,auto,2026-06-15T16:53:18.966241+00:00,Eastern Point Yacht Club,researched,6,1
10,1,42.582594342227594,-70.66548867695519,5,0.65283203125,"125 Eastern Point Blvd, Gloucester, MA 01930, USA",United States,auto,2026-06-15T16:53:18.966241+00:00,Eastern Point Yacht Club,researched,6,1
11,1,42.58072823022861,-70.66321956426341,4,0.6187744140625,"135 Eastern Point Blvd, Gloucester, MA 01930, USA",United States,auto,2026-06-15T16:53:18.966241+00:00,Eastern Point Yacht Club,researched,6,1
12,1,42.580729217662736,-70.66565965888432,4,0.6368408203125,"133 Eastern Point Blvd, Gloucester, MA 01930, USA",United States,auto,2026-06-15T16:53:18.966241+00:00,Eastern Point Yacht Club,researched,6,1
13,1,44.42921558609149,-69.00622703515448,110,0.7365289861505682,"2 Pinchy Ln, Belfast, ME 04915, USA",United States,auto,2026-06-15T16:53:18.966241+00:00,Safe Harbor Front Street,places_done,11,1
14,1,44.42646895019074,-69.00787519054674,7,0.3717041015625,"163 High St, Belfast, ME 04915, USA",United States,auto,2026-06-15T16:53:18.966241+00:00,Safe Harbor Front Street,places_done,11,1
15,1,44.349278295873106,-68.54222309684566,5,0.6951171875,"8FX5+P4 Blue Hill, ME, USA",United States,auto,2026-06-15T16:53:18.966241+00:00,,skipped,,
16,1,44.351075255839994,-68.54222309684566,15,0.6734375,"9F25+C4 Blue Hill, ME, USA",United States,auto,2026-06-15T16:53:18.966241+00:00,,pending,,
17,1,44.35287247167584,-68.54222309684566,5,0.668701171875,"9F35+44 Blue Hill, ME, USA",United States,auto,2026-06-15T16:53:18.966241+00:00,,pending,,
18,1,41.66596263919315,-70.0648669356763,55,0.7007346413352272,"16 Harbor Rd, Harwich Port, MA 02646, USA",United States,auto,2026-06-15T16:53:18.966241+00:00,,pending,,
19,1,41.66668383101248,-70.06864279091992,5,0.727734375,"25 Bayview Rd, Harwich Port, MA 02646, USA",United States,auto,2026-06-15T16:53:18.966241+00:00,,pending,,
20,1,41.662242117888056,-70.0633296197612,5,0.611328125,"MW6P+VM Harwich, MA, USA",United States,auto,2026-06-15T16:53:18.966241+00:00,,pending,,
21,1,41.66404242521642,-70.06213782709088,4,0.5146484375,"8 Mallard Ln, Harwich, MA 02645, USA",United States,auto,2026-06-15T16:53:18.966241+00:00,,pending,,
22,1,43.943403788108945,-69.45533885934051,69,0.7291489753170289,"WGVV+9V Bristol, ME, USA",United States,auto,2026-06-15T16:53:18.966241+00:00,,pending,,
23,1,43.94619811327157,-69.45690324178689,14,0.5566667829241071,"8 Harris Rd, Round Pond, ME 04564, USA",United States,auto,2026-06-15T16:53:18.966241+00:00,,pending,,
24,1,43.941857810027315,-69.45005732819656,4,0.53179931640625,"WGRX+PX Bristol, ME, USA",United States,auto,2026-06-15T16:53:18.966241+00:00,,pending,,
25,1,43.94006110619523,-69.45255192599198,4,0.46820068359375,"75 Southern Point Rd, Round Pond, ME 04564, USA",United States,auto,2026-06-15T16:53:18.966241+00:00,,pending,,
26,1,41.92993287836885,-70.03129193628315,6,0.6912638346354166,"35 Kendrick Ave, Wellfleet, MA 02667, USA",United States,auto,2026-06-15T16:53:18.966241+00:00,,pending,,
27,1,41.922223634905734,-70.02625684308403,5,0.688671875,"WXCF+VF Wellfleet, MA, USA",United States,auto,2026-06-15T16:53:18.966241+00:00,,pending,,
28,1,41.924044470723935,-70.02633394730069,17,0.5917537913602942,"WXFF+JF Wellfleet, MA, USA",United States,auto,2026-06-15T16:53:18.966241+00:00,,pending,,
29,1,41.92585051732635,-70.02616922421528,6,0.621826171875,"WXGF+8G Wellfleet, MA, USA",United States,auto,2026-06-15T16:53:18.966241+00:00,,pending,,
30,1,43.88162667292324,-69.51338793363362,36,0.6451992458767362,"63 Cozy Cottage Rd, New Harbor, ME 04554, USA",United States,auto,2026-06-15T16:53:18.966241+00:00,,pending,,
31,1,43.88325733165476,-69.51705546121373,5,0.804296875,"VFMM+85 Bristol, ME, USA",United States,auto,2026-06-15T16:53:18.966241+00:00,,pending,,
32,1,43.88099050516392,-69.50919830958021,5,0.56328125,"52 Pinkham Rd, New Harbor, ME 04554, USA",United States,auto,2026-06-15T16:53:18.966241+00:00,,pending,,
33,1,43.87908805501389,-69.5118266084402,4,0.44622802734375,"36 Cozy Cottage Rd, New Harbor, ME 04554, USA",United States,auto,2026-06-15T16:53:18.966241+00:00,,pending,,
34,1,42.56510493888546,-70.7752807190302,7,0.7079380580357143,"48 Proctor St, Manchester-by-the-Sea, MA 01944, USA",United States,auto,2026-06-15T16:53:18.966241+00:00,,pending,,
35,1,42.56691524721842,-70.77355106698029,6,0.6488444010416666,"31 Proctor St, Manchester-by-the-Sea, MA 01944, USA",United States,auto,2026-06-15T16:53:18.966241+00:00,,pending,,
36,1,42.565107196550755,-70.77213284202318,4,0.5595703125,"2A Smiths Point Rd, Manchester-by-the-Sea, MA 01944, USA",United States,auto,2026-06-15T16:53:18.966241+00:00,,pending,,
37,1,42.66728781443956,-70.62352934229551,50,0.65222900390625,"16 Wharf Rd, Rockport, MA 01966, USA",United States,auto,2026-06-15T16:53:18.966241+00:00,,pending,,
38,1,42.66397710286555,-70.61952212955403,12,0.6648966471354166,"M97J+H5 Rockport, MA, USA",United States,auto,2026-06-15T16:53:18.966241+00:00,,pending,,
39,1,42.66218079521407,-70.62025635095561,5,0.6947265625,"M96H+VV Rockport, MA, USA",United States,auto,2026-06-15T16:53:18.966241+00:00,,pending,,
40,1,43.79108948216288,-69.89065228167074,102,0.6511541628370098,"945 Cundy's Harbor Rd, Harpswell, ME 04079, USA",United States,auto,2026-06-15T16:53:18.966241+00:00,,pending,,
41,1,43.787569158252126,-69.8885495974722,6,0.7969563802083334,"Q4Q6+2H Harpswell, ME, USA",United States,auto,2026-06-15T16:53:18.966241+00:00,,pending,,
42,1,43.787935107017425,-69.89142425513398,4,0.51678466796875,"988 Cundy's Harbor Rd, Orr's Island, ME 04066, USA",United States,auto,2026-06-15T16:53:18.966241+00:00,,pending,,
43,1,41.63724475910186,-70.27160636837421,17,0.7222397748161765,"JPPH+V9 Barnstable, MA, USA",United States,auto,2026-06-15T16:53:18.966241+00:00,,pending,,
44,1,41.63900344476001,-70.27132290774189,5,0.662890625,"JPQH+JF Barnstable, MA, USA",United States,auto,2026-06-15T16:53:18.966241+00:00,,pending,,
45,1,41.63541084514872,-70.27132290766004,5,0.640478515625,"JPPH+5F Barnstable, MA, USA",United States,auto,2026-06-15T16:53:18.966241+00:00,,pending,,
46,1,41.63928662947357,-70.27762607625903,5,0.4344970703125,"490 Ocean St, Hyannis, MA 02601, USA",United States,auto,2026-06-15T16:53:18.966241+00:00,,pending,,
47,1,44.202716947530746,-69.05320583992949,5,0.665625,"6W3W+3P Camden, ME, USA",United States,auto,2026-06-15T16:53:18.966241+00:00,,pending,,
48,1,44.204515189966585,-69.05323158920697,15,0.6426595052083334,"6W3W+RP Camden, ME, USA",United States,auto,2026-06-15T16:53:18.966241+00:00,,pending,,
49,1,44.20631189400429,-69.05323158931611,5,0.619580078125,"6W4W+GP Camden, ME, USA",United States,auto,2026-06-15T16:53:18.966241+00:00,,pending,,
50,1,41.627114366000704,-70.91222442297585,69,0.5390943444293478,"J3GQ+R4 New Bedford, MA, USA",United States,auto,2026-06-15T16:53:18.966241+00:00,,pending,,
51,1,41.624007112071396,-70.91037010237214,23,0.6276749320652174,"J3FQ+JV New Bedford, MA, USA",United States,auto,2026-06-15T16:53:18.966241+00:00,,pending,,
52,1,41.622089580497295,-70.90970898355805,5,0.69716796875,"J3CR+R4 New Bedford, MA, USA",United States,auto,2026-06-15T16:53:18.966241+00:00,,pending,,
53,1,41.62463772878956,-70.91709865452708,5,0.486572265625,"25 Wright St, New Bedford, MA 02740, USA",United States,auto,2026-06-15T16:53:18.966241+00:00,,pending,,
54,1,43.9649723403053,-69.20366125509553,50,0.749326171875,"10 Boatyard Rd, St. George, ME 04860, USA",United States,auto,2026-06-15T16:53:18.966241+00:00,,pending,,
55,1,43.96288164037023,-69.20787527787293,4,0.9180908203125,"XQ7R+5R St. George, ME, USA",United States,auto,2026-06-15T16:53:18.966241+00:00,,pending,,
56,1,43.96216729567104,-69.20122004394383,23,0.6491911514945652,"36 Shipyard Rd, St. George, ME 04860, USA",United States,auto,2026-06-15T16:53:18.966241+00:00,,pending,,
57,1,43.96519133664479,-69.20018555494157,5,0.79609375,"47 Barter Point Rd, St. George, ME 04860, USA",United States,auto,2026-06-15T16:53:18.966241+00:00,,pending,,
58,1,43.96021376399172,-69.20054691210379,4,0.53094482421875,"248 Hartsneck Rd, St. George, ME 04860, USA",United States,auto,2026-06-15T16:53:18.966241+00:00,,pending,,
59,1,43.00049695298064,-70.74865275490558,103,0.8212132129854369,"2722+5G Rye, NH, USA",United States,auto,2026-06-15T16:53:18.966241+00:00,,pending,,
60,1,44.356451340589395,-68.3057925050443,48,0.7383753458658854,"10 Abels Ln, Mt Desert, ME 04660, USA",United States,auto,2026-06-15T16:53:18.966241+00:00,,pending,,
61,1,42.04969125439844,-70.18181071534718,4,0.58746337890625,"9 MacMillan Pier, Provincetown, MA 02657, USA",United States,auto,2026-06-15T16:53:18.966241+00:00,,pending,,
62,1,42.05133216106821,-70.18250005796652,10,0.7104248046875,"5 MacMillan Pier, Provincetown, MA 02657, USA",United States,auto,2026-06-15T16:53:18.966241+00:00,,pending,,
63,1,42.04682655784022,-70.1771889211957,15,0.6491861979166667,"2RWF+P4 Provincetown, MA, USA",United States,auto,2026-06-15T16:53:18.966241+00:00,,pending,,
64,1,42.04502985656766,-70.17721467047318,5,0.65791015625,"2RWF+24 Provincetown, MA, USA",United States,auto,2026-06-15T16:53:18.966241+00:00,,pending,,
65,1,42.04862246248062,-70.17718892116841,5,0.663232421875,"2RXF+C4 Provincetown, MA, USA",United States,auto,2026-06-15T16:53:18.966241+00:00,,pending,,
66,1,42.050510101879134,-70.18034061359806,4,0.61767578125,"9 MacMillan Pier, Provincetown, MA 02657, USA",United States,auto,2026-06-15T16:53:18.966241+00:00,,pending,,
67,1,42.05114881395487,-70.18445806400548,7,0.47024972098214285,"4 MacMillan Pier, Provincetown, MA 02657, USA",United States,auto,2026-06-15T16:53:18.966241+00:00,,pending,,
68,1,43.05546907496998,-70.72044605523841,43,0.7932980559593024,"374H+5R Rye, NH, USA",United States,auto,2026-06-15T16:53:18.966241+00:00,,pending,,
69,1,43.05288767844755,-70.71854074248459,17,0.7480755974264706,"373J+5H Rye, NH, USA",United States,auto,2026-06-15T16:53:18.966241+00:00,,pending,,
70,1,44.39293245356421,-68.20346651838112,63,0.5578361390128969,"23 Ells Pier, Bar Harbor, ME 04609, USA",United States,auto,2026-06-15T16:53:18.966241+00:00,,pending,,
71,1,44.39554347321953,-68.2021588683582,8,0.41558837890625,"9QWX+64 Gouldsboro, ME, USA",United States,auto,2026-06-15T16:53:18.966241+00:00,,pending,,
72,1,44.39267686571401,-68.20782476564573,6,0.40380859375,"55 West St, Bar Harbor, ME 04609, USA",United States,auto,2026-06-15T16:53:18.966241+00:00,,pending,,
73,1,44.409674473836525,-68.23489298199766,7,0.6698521205357143,"CQ58+V2 Bar Harbor, ME, USA",United States,auto,2026-06-15T16:53:18.966241+00:00,,pending,,
74,1,44.407968133971586,-68.2348910662088,18,0.6338229709201388,"CQ58+52 Bar Harbor, ME, USA",United States,auto,2026-06-15T16:53:18.966241+00:00,,pending,,
75,1,44.40606104140561,-68.23484600512555,5,0.6060546875,"151 Eden St, Bar Harbor, ME 04609, USA",United States,auto,2026-06-15T16:53:18.966241+00:00,,pending,,
76,1,44.412432082342534,-68.23966633708122,5,0.3983642578125,"CQ66+X4 Bar Harbor, ME, USA",United States,auto,2026-06-15T16:53:18.966241+00:00,,pending,,
77,1,41.55241419516716,-70.57016921601829,106,0.8215585384728774,"397 Menauhant Rd, East Falmouth, MA 02536, USA",United States,auto,2026-06-15T16:53:18.966241+00:00,,pending,,
78,1,41.54878130468548,-70.5681419917334,20,0.669287109375,"24 Willis Ln, East Falmouth, MA 02536, USA",United States,auto,2026-06-15T16:53:18.966241+00:00,,pending,,
79,1,41.554800172003,-70.57374712432578,9,0.5327012803819444,"33 Woodland Rd, East Falmouth, MA 02536, USA",United States,auto,2026-06-15T16:53:18.966241+00:00,,pending,,
80,1,41.55105767573406,-70.57428831588766,4,0.56158447265625,"47 Bridge St, East Falmouth, MA 02536, USA",United States,auto,2026-06-15T16:53:18.966241+00:00,,pending,,
81,1,41.639714429086446,-70.24557902218314,17,0.6136833639705882,"194 Berry Ave, West Yarmouth, MA 02673, USA",United States,auto,2026-06-15T16:53:18.966241+00:00,,pending,,
82,1,41.63610880359554,-70.24183450637085,16,0.598663330078125,"269A S Sea Ave, West Yarmouth, MA 02673, USA",United States,auto,2026-06-15T16:53:18.966241+00:00,,pending,,
83,1,41.634278877429345,-70.24181068098035,5,0.6818359375,"42 Scallop Rd, West Yarmouth, MA 02673, USA",United States,auto,2026-06-15T16:53:18.966241+00:00,,pending,,
84,1,41.63787227879273,-70.24178493167558,5,0.6587890625,"269E S Sea Ave, West Yarmouth, MA 02673, USA",United States,auto,2026-06-15T16:53:18.966241+00:00,,pending,,
85,1,41.512324972472136,-71.0777217506222,85,0.6784194048713236,"211 Cherry and Webb Ln, Westport Point, MA 02791, USA",United States,auto,2026-06-15T16:53:18.966241+00:00,,pending,,
86,1,41.514570002258786,-71.07596087608897,6,0.5933024088541666,"193 Cherry and Webb Ln, Westport Point, MA 02791, USA",United States,auto,2026-06-15T16:53:18.966241+00:00,,pending,,
